round,train_loss,val_loss
1,0.117414,
2,0.102329,
3,0.107376,
4,0.107834,
5,0.107645,
6,0.107857,
7,0.108003,
8,0.107785,
9,0.107276,
10,0.106918,
