round,train_loss,val_loss
1,0.309008,
2,0.372167,
3,0.398466,
4,0.395997,
5,0.393824,
6,0.388706,
7,0.383331,
8,0.382918,
9,0.380628,
10,0.37013,
