round,train_loss,val_loss
1,,0.037205
2,,0.036561
3,,0.028178
4,,0.027377
5,,0.027678
6,,0.027283
7,,0.027297
8,,0.02731
9,,0.026926
10,,0.026795
